word,meaning,initial_status
aura,Coolness/Charisma/Presence,Peak
cooked,In trouble/exhausted/done for,Peak
crash out,To go crazy/lose temper,Niche
unc,Old person/uncle status,Peak
brainrot,Consuming low-quality viral content,Peak
404 coded,Clueless/lost/glitching,Niche
fanum tax,Taking food from friends,Peak
skibidi,Nonsense/Absurdist humor,Cringe
rizz,Ability to attract partners,Cringe
gyat,Exclamation of surprise/attraction,Cringe
sigma,Lone wolf/successful mindset,Cringe
mewing,Jawline exercise trend,Cringe
looksmaxxing,Improving appearance,Peak
lock in,Focus intensely,Peak
bop,Good song,Peak
glaze,Over-complimenting someone,Peak
yapping,Talking too much,Peak
gatekeep,Withholding information,Peak
simping,Desperate for attention,Cringe
opp,Opposition/Enemy,Niche
pookie,Cute nickname for friend/partner,Peak
stand on business,Commitment to words/actions,Peak
let him cook,Let someone do their thing,Peak
bet,Agreement/Yes,Peak
cap,Lie/Falsehood,Cringe
slay,Do something well,Cringe
period,Emphasis on a statement,Cringe
ick,Turn-off,Peak
delulu,Delusional,Peak
sus,Suspicious,Cringe
mid,Mediocre/Average,Peak
main character energy,Self-centered perspective,Peak
rent free,Obsessing over something,Peak
vibe check,Assessing the mood,Peak
caught in 4k,Caught red-handed with evidence,Peak
down bad,Desperately attracted/depressed,Peak
touch grass,Go outside/get perspective,Peak
npc,Non-playable character/generic person,Peak
sending me,Making me laugh hard,Peak
giving,Exuding a certain vibe,Peak
ate,Did something perfectly,Peak
slaps,Is really good (music/food),Peak
bussin,Delicious (food),Peak
valid,Acceptable/Reasonable,Peak
cheugy,Outdated/Trying too hard,Cringe
zesty,Effeminate/Flamboyant,Niche
finna,Going to,Peak
smh,Shaking my head,Peak
tbh,To be honest,Peak
rn,Right now,Peak
fr,For real,Peak
ong,On God (Swear/Truth),Peak
iykyk,If you know you know,Peak
fomo,Fear of missing out,Peak
yolo,You only live once,Cringe
yeet,To throw/discard,Cringe
oomf,One of my followers,Niche
moots,Mutual followers,Niche
w,Win/Success,Peak
l,Loss/Failure,Peak
ratio,More replies than likes (fail),Peak
based,Courageous/Unique opinion,Peak
cringe,Embarrassing/Awkward,Peak
shook,Shocked/Scared,Peak
salty,Bitter/Upset,Peak
ghosting,Ignoring someone suddenly,Peak
gaslighting,Manipulating reality,Peak
love bombing,Overwhelming affection,Peak
red flag,Warning sign,Peak
green flag,Positive sign,Peak
situationship,Undefined relationship,Peak
soft launch,Subtly revealing partner,Peak
hard launch,Revealing partner explicitly,Peak
orbiting,Lurking on social media,Peak
breadcrumbing,Giving minimum attention,Peak
benching,Keeping someone as backup,Peak
zombieing,Reappearing after ghosting,Peak
cuffing season,Winter relationship season,Peak
hot girl summer,Enjoying single life in summer,Peak
feral girl summer,Chaotic summer vibe,Peak
mob wife aesthetic,Glamorous/Bold fashion,Niche
coquette,Hyper-feminine aesthetic,Niche
cottagecore,Rural/Simple life aesthetic,Peak
dark academia,Scholarly/Gothic aesthetic,Peak
goblincore,Chaos/Nature aesthetic,Niche
normcore,Average/Unpretentious fashion,Peak
gorpcore,Hiking/Outdoor fashion,Niche
y2k,Early 2000s fashion,Peak
old money,Wealthy/Classic aesthetic,Peak
quiet luxury,Understated expensive fashion,Peak
dopamine dressing,Wearing colors for mood,Niche
barbiecore,Pink/Doll-like aesthetic,Cringe
tomato girl,Mediterranean summer vibe,Niche
rat girl,Embracing messiness,Niche
vanilla girl,Minimalist/Neutral aesthetic,Peak
clean girl,Polished/Natural aesthetic,Peak
that girl,Productive/Healthy lifestyle,Peak
pick me,Seeking male validation,Peak
karen,Entitled woman,Cringe
chad,Alpha male,Peak
stacy,Attractive female,Peak
becky,Basic female,Peak
scarn,Food,Niche
bruv,Brother/Mate,Peak
innit,Isn't it,Peak
peng,Attractive/Good,Peak
roadman,Subculture associated with drill,Peak
wagwan,What's going on,Peak
mandem,Group of male friends,Peak
wasteman,Useless person,Peak
bare,Very/A lot,Peak
allow it,Let it happen/Stop it,Peak
bait,Obvious,Peak
long,Tedious/Time consuming,Peak
peak,Unfortunate/Bad (UK) or Top (US),Peak
gassed,Excited/Ego-boosted,Peak
jarring,Annoying,Peak
mugged off,Disrespected,Peak
pie off,Reject someone,Niche
chirpse,Flirt with,Niche
ends,Neighborhood,Peak
yard,Home,Peak
garm,Clothing,Niche
creps,Sneakers,Niche
boujee,Fancy/Expensive,Peak
degen,Degenerate (crypto/gambling),Niche
diamond hands,Holding assets,Peak
paper hands,Selling assets,Peak
hodl,Hold on for dear life,Peak
to the moon,Price going up,Peak
rug pull,Scam,Peak
ngmi,Not gonna make it,Peak
wgmi,We gonna make it,Peak
fud,Fear Uncertainty Doubt,Peak
shill,Promote for gain,Peak
bagholder,Holding losing asset,Peak
cope,Coping mechanism,Peak
seethe,Internal anger,Peak
mald,Mad + Bald (Gamers),Peak
touch grass,Go outside,Peak
skill issue,User error/Incompetence,Peak
diff,Difference in skill,Peak
inting,Feeding/Playing bad,Peak
smurf,High level player on low account,Peak
sweat,Trying too hard,Peak
bot,Bad player/AI,Peak
tryhard,Trying too hard,Peak
pog,Excitement (Twitch),Cringe
poggers,Excitement (Twitch),Cringe
kek,Laugh (WoW/4chan),Cringe
monkas,Stress/Anxiety (Twitch),Niche
pepega,Stupid (Twitch),Niche
sadge,Sadness (Twitch),Niche
widepeepohappy,Happiness (Twitch),Niche
kappa,Sarcasm (Twitch),Niche
jebaited,Tricked (Twitch),Peak
kellogg's,Breakfast (Cockney),Niche
ruby murray,Curry (Cockney),Peak
apples and pears,Stairs (Cockney),Peak
dog and bone,Phone (Cockney),Peak
barney rubble,Trouble (Cockney),Niche
bees and honey,Money (Cockney),Niche
boat race,Face (Cockney),Niche
bubble bath,Laugh (Cockney),Niche
china plate,Mate (Cockney),Peak
custard and jelly,Telly/TV (Cockney),Niche
david goggins,Jogging (Cockney - Modern),Niche
britney spears,Beers (Cockney - Modern),Peak
gregory peck,Neck (Cockney),Niche
hampton wick,Prick (Cockney),Niche
jam jar,Car (Cockney),Niche
loaf of bread,Head (Cockney),Peak
mince pies,Eyes (Cockney),Peak
porkies,Lies (Porky pies),Peak
rosie lee,Tea (Cockney),Peak
skin and blister,Sister (Cockney),Niche
tea leaf,Thief (Cockney),Niche
trouble and strife,Wife (Cockney),Peak
whistle and flute,Suit (Cockney),Niche
hank marvin,Starving (Cockney),Peak
scraps,Leftovers/Fight,Peak
cuppa,Cup of tea,Peak
brolly,Umbrella,Peak
chuffed,Pleased/Happy,Peak
knackered,Tired,Peak
gutted,Disappointed,Peak
gobsmacked,Amazed,Peak
cheeky,Playful/Mischievous,Peak
dodgy,Suspicious/Unreliable,Peak
leg it,Run away,Peak
nick,Steal/Arrest,Peak
suss,Suspicious,Peak
ta,Thanks,Peak
cheers,Thanks/Toast,Peak
mate,Friend,Peak
bloke,Man,Peak
chap,Man,Peak
lad,Young man,Peak
lass,Young woman,Peak
bird,Woman (can be offensive),Peak
geezer,Man (often older),Peak
nutter,Crazy person,Peak
bombastic side eye,Judgmental look,Peak
criminal offensive side eye,Very judgmental look,Peak
lightskin stare,Intense gaze,Niche
blue tie,Business/Formal,Niche
 वित्त,Finance (Hindi/Indian English),Niche
jugaad,Hack/Workaround (Indian English),Niche
prepone,Bring forward (Indian English),Peak
do the needful,Do what is required (Indian English),Peak
revert,Reply (Indian English),Peak
rubber,Eraser (UK/Indian),Peak
torch,Flashlight (UK),Peak
boot,Trunk (UK),Peak
bonnet,Hood (UK),Peak
lift,Elevator (UK),Peak
flat,Apartment (UK),Peak
biscuit,Cookie (UK),Peak
chips,Fries (UK),Peak
crisps,Chips (UK),Peak
jumper,Sweater (UK),Peak
trainers,Sneakers (UK),Peak
trousers,Pants (UK),Peak
pants,Underwear (UK),Peak
vest,Undershirt (UK),Peak
waistcoat,Vest (US),Peak
braces,Suspenders (UK),Peak
dummy,Pacifier (UK),Peak
nappy,Diaper (UK),Peak
pram,Stroller (UK),Peak
pushchair,Stroller (UK),Peak
cot,Crib (UK),Peak
plaster,Band-aid (UK),Peak
paracetamol,Acetaminophen (UK),Peak
chemist,Pharmacy (UK),Peak
gp,Doctor (UK),Peak
a&e,ER (UK),Peak
uni,College (UK),Peak
fresher,Freshman (UK),Peak
invigilator,Proctor (UK),Peak
mark,Grade (UK),Peak
revision,Studying (UK),Peak
holiday,Vacation (UK),Peak
fortnight,Two weeks (UK),Peak
queue,Line (UK),Peak
let,Rent (UK),Peak
to let,For rent (UK),Peak
estate agent,Realtor (UK),Peak
high street,Main street (UK),Peak
postcode,Zip code (UK),Peak
zebra crossing,Crosswalk (UK),Peak
roundabout,Traffic circle,Peak
dual carriageway,Divided highway,Peak
motorway,Highway (UK),Peak
lorry,Truck (UK),Peak
van,Truck (Small),Peak
petrol,Gas (UK),Peak
diesel,Diesel,Peak
manual,Stick shift,Peak
automatic,Automatic transmission,Peak
gearbox,Transmission,Peak
clutch,Clutch,Peak
accelerator,Gas pedal,Peak
brake,Brake,Peak
indicate,Signal (UK),Peak
overtake,Pass (UK),Peak
give way,Yield (UK),Peak
highway code,Traffic laws (UK),Peak
mot,Car inspection (UK),Peak
tax disc,Car tax (UK),Peak
log book,Title (UK),Peak
insurance,Insurance,Peak
breakdown cover,Roadside assistance,Peak
sat nav,GPS,Peak
dash cam,Dash cam,Peak
speed camera,Speed camera,Peak
congestion charge,Toll (London),Peak
ulez,Emission zone (London),Peak
oyster card,Transit card (London),Peak
tube,Subway (London),Peak
underground,Subway (London),Peak
dlr,Light rail (London),Peak
overground,Train (London),Peak
bus,Bus,Peak
coach,Bus (Long distance),Peak
black cab,Taxi (London),Peak
uber,Rideshare,Peak
bolt,Rideshare,Peak
lime bike,Rental bike,Peak
santander cycle,Rental bike (Boris bike),Peak
e-scooter,Electric scooter,Peak
pavement,Sidewalk (UK),Peak
kerb,Curb (UK),Peak
bollard,Post,Peak
subway,Underpass (UK),Peak
flyover,Overpass (UK),Peak
junction,Intersection (UK),Peak
traffic lights,Traffic lights,Peak
roundabout,Roundabout,Peak
box junction,Intersection box,Peak
bus lane,Bus lane,Peak
cycle lane,Bike lane,Peak
hard shoulder,Emergency lane,Peak
slip road,Ramp (UK),Peak
lay-by,Rest area (Small),Peak
service station,Rest area (Large),Peak
gantry,Sign structure,Peak
cat's eyes,Reflective studs,Peak
speed bump,Speed bump,Peak
sleeping policeman,Speed bump (Old),Niche
chicane,Traffic slower,Peak
bollard,Bollard,Peak
traffic cone,Traffic cone,Peak
roadworks,Construction,Peak
diversion,Detour,Peak
closure,Closure,Peak
accident,Accident,Peak
incident,Incident,Peak
delay,Delay,Peak
queue,Traffic jam,Peak
gridlock,Traffic jam (Bad),Peak
rush hour,Peak travel time,Peak
school run,Parents driving kids,Peak
commute,Work travel,Peak
wfh,Work from home,Peak
hybrid,Hybrid work,Peak
office,Office,Peak
colleague,Coworker,Peak
manager,Boss,Peak
ceo,CEO,Peak
meeting,Meeting,Peak
zoom,Video call,Peak
teams,Video call,Peak
slack,Messaging app,Peak
email,Email,Peak
deadline,Deadline,Peak
project,Project,Peak
presentation,Presentation,Peak
report,Report,Peak
spreadsheet,Spreadsheet,Peak
document,Document,Peak
file,File,Peak
folder,Folder,Peak
printer,Printer,Peak
scanner,Scanner,Peak
photocopier,Copier,Peak
stationery,Office supplies,Peak
pen,Pen,Peak
pencil,Pencil,Peak
notebook,Notebook,Peak
stapler,Stapler,Peak
hole punch,Hole punch,Peak
paper clip,Paper clip,Peak
sticky note,Post-it,Peak
whiteboard,Whiteboard,Peak
marker,Marker,Peak
desk,Desk,Peak
chair,Chair,Peak
screen,Monitor,Peak
keyboard,Keyboard,Peak
mouse,Mouse,Peak
laptop,Laptop,Peak
charger,Charger,Peak
headset,Headset,Peak
wifi,WiFi,Peak
internet,Internet,Peak
browser,Browser,Peak
website,Website,Peak
app,App,Peak
software,Software,Peak
hardware,Hardware,Peak
update,Update,Peak
bug,Error,Peak
crash,Failure,Peak
reboot,Restart,Peak
login,Login,Peak
password,Password,Peak
username,Username,Peak
security,Security,Peak
virus,Virus,Peak
malware,Malware,Peak
phishing,Phishing,Peak
spam,Spam,Peak
firewall,Firewall,Peak
cloud,Cloud storage,Peak
server,Server,Peak
database,Database,Peak
code,Code,Peak
programming,Programming,Peak
developer,Developer,Peak
engineer,Engineer,Peak
designer,Designer,Peak
manager,Manager,Peak
analyst,Analyst,Peak
consultant,Consultant,Peak
contractor,Contractor,Peak
freelancer,Freelancer,Peak
intern,Intern,Peak
apprentice,Apprentice,Peak
graduate,Graduate,Peak
recruiter,Recruiter,Peak
hr,Human Resources,Peak
finance,Finance,Peak
marketing,Marketing,Peak
sales,Sales,Peak
support,Support,Peak
admin,Administration,Peak
operations,Operations,Peak
logistics,Logistics,Peak
supply chain,Supply Chain,Peak
manufacturing,Manufacturing,Peak
retail,Retail,Peak
hospitality,Hospitality,Peak
healthcare,Healthcare,Peak
education,Education,Peak
government,Government,Peak
charity,Non-profit,Peak
media,Media,Peak
entertainment,Entertainment,Peak
sports,Sports,Peak
music,Music,Peak
art,Art,Peak
fashion,Fashion,Peak
travel,Travel,Peak
food,Food,Peak
drink,Drink,Peak
lifestyle,Lifestyle,Peak
wellness,Wellness,Peak
fitness,Fitness,Peak
gaming,Gaming,Peak
technology,Technology,Peak
science,Science,Peak
nature,Nature,Peak
environment,Environment,Peak
climate,Climate,Peak
politics,Politics,Peak
economics,Economics,Peak
history,History,Peak
culture,Culture,Peak
society,Society,Peak
religion,Religion,Peak
philosophy,Philosophy,Peak
psychology,Psychology,Peak
sociology,Sociology,Peak
anthropology,Anthropology,Peak
archaeology,Archaeology,Peak
geography,Geography,Peak
geology,Geology,Peak
astronomy,Astronomy,Peak
physics,Physics,Peak
chemistry,Chemistry,Peak
biology,Biology,Peak
medicine,Medicine,Peak
maths,Math (UK),Peak
english,English,Peak
languages,Languages,Peak
history,History,Peak
geography,Geography,Peak
re,Religious Education,Peak
pe,Physical Education,Peak
art,Art,Peak
music,Music,Peak
drama,Drama,Peak
dt,Design Technology,Peak
ict,Computer Science,Peak
pshe,Personal Social Health Ed,Peak
assembly,Assembly,Peak
break,Recess,Peak
lunch,Lunch,Peak
hometime,End of school,Peak
homework,Homework,Peak
exam,Test,Peak
test,Quiz,Peak
quiz,Quiz,Peak
grade,Grade,Peak
report card,Report card,Peak
parents evening,Parent teacher conf,Peak
school trip,Field trip,Peak
uniform,Uniform,Peak
teacher,Teacher,Peak
headteacher,Principal,Peak
deputy head,Vice Principal,Peak
teaching assistant,TA,Peak
caretaker,Janitor,Peak
dinner lady,Lunch lady,Peak
prefect,Student monitor,Peak
head boy,Student leader (M),Peak
head girl,Student leader (F),Peak
student,Student,Peak
pupil,Student (Young),Peak
classmate,Classmate,Peak
friend,Friend,Peak
bully,Bully,Peak
playground,Playground,Peak
classroom,Classroom,Peak
hall,Gym/Auditorium,Peak
canteen,Cafeteria,Peak
library,Library,Peak
staff room,Teachers lounge,Peak
office,Office,Peak
reception,Front desk,Peak
corridor,Hallway,Peak
locker,Locker,Peak
toilet,Restroom,Peak
cloakroom,Coat room,Peak
gym,Gym,Peak
field,Field,Peak
court,Court,Peak
pitch,Field (Sports),Peak
track,Track,Peak
pool,Pool,Peak
studio,Studio,Peak
lab,Lab,Peak
workshop,Workshop,Peak
theatre,Theater,Peak
stage,Stage,Peak
curtain,Curtain,Peak
lights,Lights,Peak
sound,Sound,Peak
props,Props,Peak
costume,Costume,Peak
makeup,Makeup,Peak
script,Script,Peak
rehearsal,Rehearsal,Peak
performance,Performance,Peak
show,Show,Peak
audience,Audience,Peak
applause,Applause,Peak
encore,Encore,Peak
ticket,Ticket,Peak
seat,Seat,Peak
row,Row,Peak
aisle,Aisle,Peak
usher,Usher,Peak
programme,Program,Peak
ice cream,Ice cream,Peak
intermission,Intermission,Peak
interval,Intermission (UK),Peak
film,Movie,Peak
movie,Movie,Peak
cinema,Theater (Movie),Peak
screen,Screen,Peak
projector,Projector,Peak
popcorn,Popcorn,Peak
drink,Drink,Peak
snack,Snack,Peak
trailer,Trailer,Peak
review,Review,Peak
critic,Critic,Peak
rating,Rating,Peak
star,Star,Peak
actor,Actor,Peak
actress,Actress,Peak
director,Director,Peak
producer,Producer,Peak
writer,Writer,Peak
editor,Editor,Peak
cameraman,Cameraman,Peak
sound guy,Sound guy,Peak
stuntman,Stuntman,Peak
extra,Extra,Peak
cameo,Cameo,Peak
sequel,Sequel,Peak
prequel,Prequel,Peak
remake,Remake,Peak
spinoff,Spinoff,Peak
franchise,Franchise,Peak
series,Series,Peak
season,Season,Peak
episode,Episode,Peak
pilot,Pilot,Peak
finale,Finale,Peak
binge,Binge watch,Peak
streaming,Streaming,Peak
netflix,Netflix,Peak
amazon,Amazon,Peak
disney,Disney,Peak
hulu,Hulu,Peak
hbo,HBO,Peak
bbc,BBC,Peak
itv,ITV,Peak
channel 4,Channel 4,Peak
sky,Sky,Peak
cable,Cable,Peak
satellite,Satellite,Peak
dish,Dish,Peak
box,Box,Peak
remote,Remote,Peak
channel,Channel,Peak
guide,Guide,Peak
record,Record,Peak
pause,Pause,Peak
rewind,Rewind,Peak
fast forward,Fast forward,Peak
play,Play,Peak
stop,Stop,Peak
volume,Volume,Peak
mute,Mute,Peak
subtitles,Subtitles,Peak
dubbed,Dubbed,Peak
hd,HD,Peak
4k,4K,Peak
8k,8K,Peak
3d,3D,Peak
imax,IMAX,Peak
surround sound,Surround sound,Peak
stereo,Stereo,Peak
mono,Mono,Peak
vinyl,Vinyl,Peak
cd,CD,Peak
tape,Tape,Peak
cassette,Cassette,Peak
radio,Radio,Peak
podcast,Podcast,Peak
playlist,Playlist,Peak
album,Album,Peak
single,Single,Peak
track,Track,Peak
song,Song,Peak
lyrics,Lyrics,Peak
melody,Melody,Peak
rhythm,Rhythm,Peak
beat,Beat,Peak
bass,Bass,Peak
drums,Drums,Peak
guitar,Guitar,Peak
piano,Piano,Peak
keyboard,Keyboard,Peak
violin,Violin,Peak
cello,Cello,Peak
flute,Flute,Peak
trumpet,Trumpet,Peak
saxophone,Saxophone,Peak
band,Band,Peak
orchestra,Orchestra,Peak
choir,Choir,Peak
singer,Singer,Peak
rapper,Rapper,Peak
dj,DJ,Peak
concert,Concert,Peak
gig,Gig,Peak
festival,Festival,Peak
tour,Tour,Peak
stage,Stage,Peak
crowd,Crowd,Peak
fan,Fan,Peak
groupie,Groupie,Peak
merch,Merchandise,Peak
poster,Poster,Peak
t-shirt,T-shirt,Peak
hoodie,Hoodie,Peak
cap,Cap,Peak
sticker,Sticker,Peak
badge,Badge,Peak
autograph,Autograph,Peak
selfie,Selfie,Peak
photo,Photo,Peak
video,Video,Peak
live,Live,Peak
stream,Stream,Peak
chat,Chat,Peak
comment,Comment,Peak
like,Like,Peak
share,Share,Peak
subscribe,Subscribe,Peak
follow,Follow,Peak
notification,Notification,Peak
profile,Profile,Peak
bio,Bio,Peak
avatar,Avatar,Peak
banner,Banner,Peak
header,Header,Peak
feed,Feed,Peak
timeline,Timeline,Peak
story,Story,Peak
reel,Reel,Peak
short,Short,Peak
post,Post,Peak
tweet,Tweet,Peak
retweet,Retweet,Peak
quote,Quote,Peak
reply,Reply,Peak
thread,Thread,Peak
hashtag,Hashtag,Peak
trend,Trend,Peak
viral,Viral,Peak
meme,Meme,Peak
gif,GIF,Peak
emoji,Emoji,Peak
sticker,Sticker,Peak
filter,Filter,Peak
effect,Effect,Peak
caption,Caption,Peak
tag,Tag,Peak
mention,Mention,Peak
dm,Direct Message,Peak
pm,Private Message,Peak
inbox,Inbox,Peak
request,Request,Peak
accept,Accept,Peak
decline,Decline,Peak
block,Block,Peak
mute,Mute,Peak
report,Report,Peak
delete,Delete,Peak
edit,Edit,Peak
save,Save,Peak
archive,Archive,Peak
pin,Pin,Peak
unfollow,Unfollow,Peak
unsubscribe,Unsubscribe,Peak
log out,Log out,Peak
sign up,Sign up,Peak
register,Register,Peak
account,Account,Peak
settings,Settings,Peak
privacy,Privacy,Peak
terms,Terms,Peak
help,Help,Peak
support,Support,Peak
about,About,Peak
contact,Contact,Peak
home,Home,Peak
search,Search,Peak
explore,Explore,Peak
notifications,Notifications,Peak
messages,Messages,Peak
bookmarks,Bookmarks,Peak
lists,Lists,Peak
communities,Communities,Peak
verified,Verified,Peak
blue tick,Blue tick,Peak
influencer,Influencer,Peak
creator,Creator,Peak
brand,Brand,Peak
ad,Ad,Peak
sponsor,Sponsor,Peak
partner,Partner,Peak
affiliate,Affiliate,Peak
collab,Collaboration,Peak
giveaway,Giveaway,Peak
contest,Contest,Peak
prize,Prize,Peak
winner,Winner,Peak
loser,Loser,Peak
game,Game,Peak
match,Match,Peak
round,Round,Peak
level,Level,Peak
score,Score,Peak
points,Points,Peak
rank,Rank,Peak
leaderboard,Leaderboard,Peak
trophy,Trophy,Peak
achievement,Achievement,Peak
unlock,Unlock,Peak
item,Item,Peak
inventory,Inventory,Peak
shop,Shop,Peak
buy,Buy,Peak
sell,Sell,Peak
trade,Trade,Peak
upgrade,Upgrade,Peak
downgrade,Downgrade,Peak
build,Build,Peak
craft,Craft,Peak
fight,Fight,Peak
attack,Attack,Peak
defend,Defend,Peak
heal,Heal,Peak
revive,Revive,Peak
die,Die,Peak
respawn,Respawn,Peak
win,Win,Peak
lose,Lose,Peak
draw,Draw,Peak
gg,Good Game,Peak
wp,Well Played,Peak
glhf,Good Luck Have Fun,Peak
ez,Easy,Peak
noob,Newbie,Peak
pro,Professional,Peak
hacker,Hacker,Peak
cheater,Cheater,Peak
banned,Banned,Peak
kicked,Kicked,Peak
muted,Muted,Peak
reported,Reported,Peak
toxic,Toxic,Peak
friendly,Friendly,Peak
team,Team,Peak
squad,Squad,Peak
party,Party,Peak
guild,Guild,Peak
clan,Clan,Peak
community,Community,Peak
server,Server,Peak
region,Region,Peak
ping,Ping,Peak
lag,Lag,Peak
fps,FPS,Peak
graphics,Graphics,Peak
settings,Settings,Peak
controls,Controls,Peak
audio,Audio,Peak
video,Video,Peak
options,Options,Peak
menu,Menu,Peak
pause,Pause,Peak
resume,Resume,Peak
quit,Quit,Peak
exit,Exit,Peak
loading,Loading,Peak
saving,Saving,Peak
error,Error,Peak
bug,Bug,Peak
glitch,Glitch,Peak
patch,Patch,Peak
update,Update,Peak
dlc,DLC,Peak
expansion,Expansion,Peak
mod,Mod,Peak
skin,Skin,Peak
cosmetic,Cosmetic,Peak
loot box,Loot Box,Peak
microtransaction,Microtransaction,Peak
pay to win,Pay to Win,Peak
free to play,Free to Play,Peak
subscription,Subscription,Peak
pass,Pass,Peak
season pass,Season Pass,Peak
battle pass,Battle Pass,Peak
bundle,Bundle,Peak
deal,Deal,Peak
sale,Sale,Peak
discount,Discount,Peak
offer,Offer,Peak
code,Code,Peak
coupon,Coupon,Peak
voucher,Voucher,Peak
gift card,Gift Card,Peak
credit,Credit,Peak
debit,Debit,Peak
paypal,PayPal,Peak
apple pay,Apple Pay,Peak
google pay,Google Pay,Peak
crypto,Crypto,Peak
bitcoin,Bitcoin,Peak
ethereum,Ethereum,Peak
nft,NFT,Peak
blockchain,Blockchain,Peak
wallet,Wallet,Peak
exchange,Exchange,Peak
market,Market,Peak
trade,Trade,Peak
invest,Invest,Peak
profit,Profit,Peak
loss,Loss,Peak
bull,Bull market,Peak
bear,Bear market,Peak
whale,Large holder,Peak
shrimp,Small holder,Peak
pump,Price up,Peak
dump,Price down,Peak
moon,Price up high,Peak
lambo,Lamborghini,Peak
yacht,Yacht,Peak
mansion,Mansion,Peak
luxury,Luxury,Peak
rich,Rich,Peak
poor,Poor,Peak
broke,Broke,Peak
wealth,Wealth,Peak
debt,Debt,Peak
loan,Loan,Peak
mortgage,Mortgage,Peak
rent,Rent,Peak
bill,Bill,Peak
tax,Tax,Peak
income,Income,Peak
salary,Salary,Peak
wage,Wage,Peak
bonus,Bonus,Peak
raise,Raise,Peak
promotion,Promotion,Peak
retirement,Retirement,Peak
pension,Pension,Peak
savings,Savings,Peak
investment,Investment,Peak
stock,Stock,Peak
share,Share,Peak
bond,Bond,Peak
fund,Fund,Peak
etf,ETF,Peak
index,Index,Peak
dividend,Dividend,Peak
interest,Interest,Peak
inflation,Inflation,Peak
recession,Recession,Peak
depression,Depression,Peak
economy,Economy,Peak
market,Market,Peak
business,Business,Peak
company,Company,Peak
corporation,Corporation,Peak
startup,Startup,Peak
entrepreneur,Entrepreneur,Peak
boss,Boss,Peak
employee,Employee,Peak
customer,Customer,Peak
client,Client,Peak
product,Product,Peak
service,Service,Peak
quality,Quality,Peak
value,Value,Peak
price,Price,Peak
cost,Cost,Peak
profit,Profit,Peak
revenue,Revenue,Peak
expense,Expense,Peak
budget,Budget,Peak
forecast,Forecast,Peak
plan,Plan,Peak
strategy,Strategy,Peak
goal,Goal,Peak
target,Target,Peak
success,Success,Peak
failure,Failure,Peak
risk,Risk,Peak
opportunity,Opportunity,Peak
challenge,Challenge,Peak
problem,Problem,Peak
solution,Solution,Peak
innovation,Innovation,Peak
growth,Growth,Peak
development,Development,Peak
research,Research,Peak
design,Design,Peak
production,Production,Peak
distribution,Distribution,Peak
marketing,Marketing,Peak
sales,Sales,Peak
advertising,Advertising,Peak
branding,Branding,Peak
pr,Public Relations,Peak
hr,Human Resources,Peak
legal,Legal,Peak
finance,Finance,Peak
accounting,Accounting,Peak
audit,Audit,Peak
tax,Tax,Peak
compliance,Compliance,Peak
regulation,Regulation,Peak
policy,Policy,Peak
procedure,Procedure,Peak
process,Process,Peak
system,System,Peak
software,Software,Peak
hardware,Hardware,Peak
network,Network,Peak
server,Server,Peak
database,Database,Peak
website,Website,Peak
email,Email,Peak
phone,Phone,Peak
internet,Internet,Peak
data,Data,Peak
analytics,Analytics,Peak
insight,Insight,Peak
report,Report,Peak
presentation,Presentation,Peak
meeting,Meeting,Peak
conference,Conference,Peak
event,Event,Peak
network,Network,Peak
connection,Connection,Peak
relationship,Relationship,Peak
partner,Partner,Peak
team,Team,Peak
collaboration,Collaboration,Peak
communication,Communication,Peak
negotiation,Negotiation,Peak
agreement,Agreement,Peak
contract,Contract,Peak
deal,Deal,Peak
signature,Signature,Peak
approval,Approval,Peak
feedback,Feedback,Peak
review,Review,Peak
evaluation,Evaluation,Peak
performance,Performance,Peak
bonus,Bonus,Peak
promotion,Promotion,Peak
career,Career,Peak
job,Job,Peak
work,Work,Peak
life,Life,Peak
balance,Balance,Peak
health,Health,Peak
happiness,Happiness,Peak
success,Success,Peak
